{"packages":{"cmd":{"version":"6.5.3.6"},"core":{"css":true,"included":true,"required":true,"requires":["ext","modern"],"version":"6.5.3.57"},"ext":{"css":true,"included":true,"language":{"js":{"input":{"version":"ES5"}}},"license":"trial","namespace":"Ext","required":true,"requires":[],"version":"6.5.3.57"},"font-awesome":{"css":true,"included":true,"namespace":"Ext","required":true,"requires":["ext","core","modern","theme-base","font-ext","theme-neptune"],"theme":"theme-neptune","version":"6.5.3.57"},"font-ext":{"css":true,"included":true,"namespace":"Ext","required":true,"requires":["ext","core","modern","theme-base","font-awesome","theme-neptune"],"theme":"theme-neptune","version":"6.5.3.57"},"modern":{"css":true,"included":true,"language":{"js":{"input":{"version":"ES5"}}},"namespace":"Ext","required":true,"requires":["ext","core"],"version":"6.5.3.57"},"theme-base":{"css":true,"included":true,"namespace":"Ext","required":true,"requires":["ext","core","modern"],"version":"6.5.3.57"},"theme-material":{"css":true,"extend":"theme-neptune","included":true,"namespace":"Ext","required":true,"requires":["ext","core","modern","theme-base","font-awesome","font-ext","theme-neptune"],"version":"6.5.3.57"},"theme-neptune":{"css":true,"extend":"theme-base","included":true,"namespace":"Ext","required":true,"requires":["ext","core","modern","theme-base","font-awesome","font-ext"],"version":"6.5.3.57"}},"js":[{"path":"app/locales/LL.js"},{"path":"app/locales/zho.js"},{"path":"app/locales/zho_modules.js"},{"path":"app/locales/deu.js"},{"path":"app/locales/deu_modules.js"},{"path":"app/locales/eng.js"},{"path":"app/locales/eng_modules.js"},{"path":"app/locales/Translator.js"},{"path":"resources/js/wiewindtools.js"},{"remote":true,"path":"../api/system/initApp"},{"path":"modern/app.js"}],"css":[{"exclude":["fashion"],"path":"modern/resources/WWS-all.css"}],"cache":{"enable":true,"deltas":"modern/deltas"},"fashion":{"inliner":{"enable":false},"missingParameters":"error"},"name":"WWS","namespace":"WWS","version":"3.8.0208","framework":"ext","loader":{"cache":"20180323151928","cacheParam":"_dc"},"id":"556b8b65-0432-42dd-9f5c-0e1636856100","toolkit":"modern","theme":"theme-material","hash":"a6d16082c09c3810173d6ab9cac269e7b70eb18e","profile":"modern","resources":{"path":"modern/resources","shared":"resources"}}